Workbook

Sheet Paper
J1: Resultados promedio paper
J2: Total | L2: Pacientes | N2: Sanos
B3: Escenario | C3: Descripción | D3: Inicio fuego | E3: Ubicación agentes | F3: Consideraciones | G3: Pacientes | H3: Sanos | I3: Total | J3: Vivos | K3: Muertos | L3: Vivos | M3: Muertos | N3: Vivos | O3: Muertos | P3: Tiempo evacuación
B4: 1 | C4: NO CHANGES ARE MADE TO THE BUILDING | D4: Random | E4: Random | F4: Fuego lado izquierdo | G4: =SUM(L4:M4) -> 40 | H4: =SUM(N4:O4) -> 59.333333 | I4: =G4+H4 -> 99.333333 | J4: =Resultados_paper!L3 -> 79 | K4: =Resultados_paper!M3 -> 21 | L4: =Resultados_paper!N3 -> 29 | M4: =Resultados_paper!O3 -> 11 | N4: =Resultados_paper!P3 -> 49 | O4: =Resultados_paper!Q3 -> 10.333333 | P4: =Resultados_paper!R3 -> 352
B5: 2 | C5: THE IMPACTOF THE LARGE NUMBER OF AGENTS TO EVACUATE | D5: Random | E5: Random | F5: Mayor ocupación | G5: =SUM(L5:M5) -> 108 | H5: =SUM(N5:O5) -> 182 | I5: =G5+H5 -> 290 | J5: =Resultados_paper!L4 -> 234 | K5: =Resultados_paper!M4 -> 56 | L5: =Resultados_paper!N4 -> 68 | M5: =Resultados_paper!O4 -> 40 | N5: =Resultados_paper!P4 -> 166 | O5: =Resultados_paper!Q4 -> 16 | P5: =Resultados_paper!R4 -> 553
B6: 3 | C6: THE IMPACTOF FIRE POSITIONING | D6: Centro | E6: Random | F6: Fuego en centro | G6: =SUM(L6:M6) -> 60 | H6: =SUM(N6:O6) -> 50 | I6: =G6+H6 -> 110 | J6: =Resultados_paper!L5 -> 54 | K6: =Resultados_paper!M5 -> 56 | L6: =Resultados_paper!N5 -> 27 | M6: =Resultados_paper!O5 -> 33 | N6: =Resultados_paper!P5 -> 27 | O6: =Resultados_paper!Q5 -> 23 | P6: =Resultados_paper!R5 -> 433
B7: 4 | C7: ADDING TWO ADDITIONAL TRANSVERSE DOORS TO THE EXISTING ONES | D7: Random | E7: Random | F7: Dos salidas adicionales | G7: =SUM(L7:M7) -> 45 | H7: =SUM(N7:O7) -> 55 | I7: =G7+H7 -> 100 | J7: =Resultados_paper!L6 -> 87 | K7: =Resultados_paper!M6 -> 8 | L7: =Resultados_paper!N6 -> 42 | M7: =Resultados_paper!O6 -> 3 | N7: =Resultados_paper!P6 -> 45 | O7: =Resultados_paper!Q6 -> 10 | P7: =Resultados_paper!R6 -> 198
B8: 5 | C8: THE IMPACTOF PEOPLE MOVING ALONG THE WALLS | D8: Random | E8: Random | F8: Todos conocen edif | G8: =SUM(L8:M8) -> 29 | H8: =SUM(N8:O8) -> 70.333333 | I8: =G8+H8 -> 99.333333 | J8: =Resultados_paper!L7 -> 93 | K8: =Resultados_paper!M7 -> 6 | L8: =Resultados_paper!N7 -> 23 | M8: =Resultados_paper!O7 -> 6 | N8: =Resultados_paper!P7 -> 70 | O8: =Resultados_paper!Q7 -> 0.33333333 | P8: =Resultados_paper!R7 -> 225
B9: 6 | C9: ALL EVACUEE AGENTS ARE HEALTHY AND UNAWARE OF THE BUILDING’S CONFIGURATION | D9: Random | E9: Random | F9: Fuego lado izquierdo, todos sanos y desconocen edif | H9: =J9+K9 -> 100 | I9: =G9+H9 -> 100 | J9: =Resultados_paper!L8 -> 78.666667 | K9: =Resultados_paper!M8 -> 21.333333 | P9: =Resultados_paper!R8 -> 320.8
B10: 7 | C10: ONLY50% OF AGENTS (REGARDLESS OF THEIR HEALTH STATUS) ARE FAMILIAR WITH THE BUILDING’S CONFIGURATION | D10: Random | E10: Random | F10: Solo 50% agentes conoce edif, no considera estado salud | G10: =SUM(L10:M10) -> 60 | H10: =SUM(N10:O10) -> 60 | I10: =G10+H10 -> 120 | J10: =Resultados_paper!L9 -> 89 | K10: =Resultados_paper!M9 -> 31 | L10: =Resultados_paper!N9 -> 47.333333 | M10: =Resultados_paper!O9 -> 12.666667 | N10: =Resultados_paper!P9 -> 41.666667 | O10: =Resultados_paper!Q9 -> 18.333333 | P10: =Resultados_paper!R9 -> 293.6
B11: 8 | C11: ONLY50% OF AGENTS (CONSIDERATION OF THEIR HEALTH STATUS) ARE FAMILIAR WITH THE BUILDING’S CONFIGURATION | D11: Random | E11: Random | F11: 50% agentes conoce edif, considerar estado salud | G11: =SUM(L11:M11) -> 58.333333 | H11: =SUM(N11:O11) -> 54.666667 | I11: =G11+H11 -> 113 | J11: =Resultados_paper!L10 -> 101.33333 | K11: =Resultados_paper!M10 -> 11.666667 | L11: =Resultados_paper!N10 -> 50.666667 | M11: =Resultados_paper!O10 -> 7.6666667 | N11: =Resultados_paper!P10 -> 50.666667 | O11: =Resultados_paper!Q10 -> 4 | P11: =Resultados_paper!R10 -> 366.66667
B12: 9 | C12: THE IMPACTOF ADDING EMERGENCY EXITS TO THE HOSPITAL BUILDING | D12: Random | E12: Random | F12: Adicionar 2 salidas y 5 puertas de emergencia | G12: =SUM(L12:M12) -> 50 | H12: =SUM(N12:O12) -> 50 | I12: =G12+H12 -> 100 | J12: =Resultados_paper!L11 -> 99 | K12: =Resultados_paper!M11 -> 1 | L12: =Resultados_paper!N11 -> 49.333333 | M12: =Resultados_paper!O11 -> 0.66666667 | N12: =Resultados_paper!P11 -> 49.666667 | O12: =Resultados_paper!Q11 -> 0.33333333 | P12: =Resultados_paper!R11 -> 346.66667

Sheet Resultados_paper
A1: Table paper | K1: Resultados promedio compilados
A2: Table 3 | B2: Escenario No. 1: NO CHANGES ARE MADE TO THE BUILDING | K2: {=TRANSPOSE(B4:B11)} -> Individuos en el ambiente | L2: Número de individuos vivos | M2: Número de individuos muertos | N2: Número de pacientes vivos | O2: Número de pacientes muertos | P2: Número de sanos vivos | Q2: Número de sanos muertos | R2: Tiempo promedio de evacuación
B3: Resultados | C3: S1 | D3: S2 | E3: S3 | F3: Promedio | G3: Desv. Estandar | J3: Escenario No. 1 | K3: {=TRANSPOSE(F4:F11)} -> 100 | L3: 79 | M3: 21 | N3: 29 | O3: 11 | P3: 49 | Q3: 10.333333 | R3: 352
B4: Individuos en el ambiente | C4: 100 | D4: 100 | E4: 100 | F4: =AVERAGE(C4:E4) -> 100 | G4: =_xlfn.STDEV.P(C4:E4) -> 0 | J4: Escenario No. 2 | K4: {=TRANSPOSE(F15:F22)} -> 290 | L4: 234 | M4: 56 | N4: 68 | O4: 40 | P4: 166 | Q4: 16 | R4: 553
B5: Número de individuos vivos | C5: 75 | D5: 85 | E5: 77 | F5: =AVERAGE(C5:E5) -> 79 | G5: =_xlfn.STDEV.P(C5:E5) -> 4.3204938 | J5: Escenario No. 3 | K5: {=TRANSPOSE(F26:F33)} -> 110 | L5: 54 | M5: 56 | N5: 27 | O5: 33 | P5: 27 | Q5: 23 | R5: 433
B6: Número de individuos muertos | C6: 25 | D6: 15 | E6: 23 | F6: =AVERAGE(C6:E6) -> 21 | G6: =_xlfn.STDEV.P(C6:E6) -> 4.3204938 | J6: Escenario No. 4 | K6: {=TRANSPOSE(F37:F44)} -> 100 | L6: 87 | M6: 8 | N6: 42 | O6: 3 | P6: 45 | Q6: 10 | R6: 198
B7: Número de pacientes vivos | C7: 28 | D7: 32 | E7: 27 | F7: =AVERAGE(C7:E7) -> 29 | G7: =_xlfn.STDEV.P(C7:E7) -> 2.1602469 | J7: Escenario No. 5 | K7: {=TRANSPOSE(F48:F55)} -> 100 | L7: 93 | M7: 6 | N7: 23 | O7: 6 | P7: 70 | Q7: 0.33333333 | R7: 225
B8: Número de pacientes muertos | C8: 12 | D8: 8 | E8: 13 | F8: =AVERAGE(C8:E8) -> 11 | G8: =_xlfn.STDEV.P(C8:E8) -> 2.1602469 | J8: Escenario No. 6 | K8: {=TRANSPOSE(F59:F66)} -> 100 | L8: 78.666667 | M8: 21.333333 | N8: 0 | O8: 0 | P8: 0 | Q8: 0 | R8: 320.8
B9: Número de sanos vivos | C9: 45 | D9: 52 | E9: 50 | F9: =AVERAGE(C9:E9) -> 49 | G9: =_xlfn.STDEV.P(C9:E9) -> 2.9439203 | J9: Escenario No. 7 | K9: {=TRANSPOSE(F70:F77)} -> 120 | L9: 89 | M9: 31 | N9: 47.333333 | O9: 12.666667 | P9: 41.666667 | Q9: 18.333333 | R9: 293.6
B10: Número de sanos muertos | C10: 13 | D10: 8 | E10: 10 | F10: =AVERAGE(C10:E10) -> 10.333333 | G10: =_xlfn.STDEV.P(C10:E10) -> 2.0548047 | J10: Escenario No. 8 | K10: {=TRANSPOSE(F98:F105)} -> 113 | L10: 101.33333 | M10: 11.666667 | N10: 50.666667 | O10: 7.6666667 | P10: 50.666667 | Q10: 4 | R10: 366.66667
B11: Tiempo promedio de evacuación | C11: 352 | D11: 345 | E11: 359 | F11: =AVERAGE(C11:E11) -> 352 | G11: =_xlfn.STDEV.P(C11:E11) -> 5.7154761 | J11: Escenario No. 9 | K11: {=TRANSPOSE(F109:F116)} -> 100 | L11: 99 | M11: 1 | N11: 49.333333 | O11: 0.66666667 | P11: 49.666667 | Q11: 0.33333333 | R11: 346.66667
A13: Table 4 | B13: Escenario No. 2: THE IMPACTOF THE LARGE NUMBER OF AGENTS TO EVACUATE
B14: Resultados | C14: S1 | D14: S2 | E14: S3 | F14: Promedio | G14: Desv. Estandar
B15: Individuos en el ambiente | C15: 290 | D15: 290 | E15: 290 | F15: =AVERAGE(C15:E15) -> 290 | G15: =_xlfn.STDEV.P(C15:E15) -> 0
B16: Número de individuos vivos | C16: 230 | D16: 235 | E16: 237 | F16: =AVERAGE(C16:E16) -> 234 | G16: =_xlfn.STDEV.P(C16:E16) -> 2.9439203
B17: Número de individuos muertos | C17: 58 | D17: 57 | E17: 53 | F17: =AVERAGE(C17:E17) -> 56 | G17: =_xlfn.STDEV.P(C17:E17) -> 2.1602469
B18: Número de pacientes vivos | C18: 65 | D18: 70 | E18: 69 | F18: =AVERAGE(C18:E18) -> 68 | G18: =_xlfn.STDEV.P(C18:E18) -> 2.1602469
B19: Número de pacientes muertos | C19: 42 | D19: 37 | E19: 41 | F19: =AVERAGE(C19:E19) -> 40 | G19: =_xlfn.STDEV.P(C19:E19) -> 2.1602469
B20: Número de sanos vivos | C20: 160 | D20: 168 | E20: 170 | F20: =AVERAGE(C20:E20) -> 166 | G20: =_xlfn.STDEV.P(C20:E20) -> 4.3204938
B21: Número de sanos muertos | C21: 19 | D21: 14 | E21: 15 | F21: =AVERAGE(C21:E21) -> 16 | G21: =_xlfn.STDEV.P(C21:E21) -> 2.1602469
B22: Tiempo promedio de evacuación | C22: 555 | D22: 570 | E22: 534 | F22: =AVERAGE(C22:E22) -> 553 | G22: =_xlfn.STDEV.P(C22:E22) -> 14.764823
A24: Table 5 | B24: Escenario No. 3: THE IMPACTOF FIRE POSITIONING
B25: Resultados | C25: S1 | D25: S2 | E25: S3 | F25: Promedio | G25: Desv. Estandar
B26: Individuos en el ambiente | C26: 110 | D26: 110 | E26: 110 | F26: =AVERAGE(C26:E26) -> 110 | G26: =_xlfn.STDEV.P(C26:E26) -> 0
B27: Número de individuos vivos | C27: 57 | D27: 50 | E27: 55 | F27: =AVERAGE(C27:E27) -> 54 | G27: =_xlfn.STDEV.P(C27:E27) -> 2.9439203
B28: Número de individuos muertos | C28: 57 | D28: 58 | E28: 53 | F28: =AVERAGE(C28:E28) -> 56 | G28: =_xlfn.STDEV.P(C28:E28) -> 2.1602469
B29: Número de pacientes vivos | C29: 23 | D29: 30 | E29: 28 | F29: =AVERAGE(C29:E29) -> 27 | G29: =_xlfn.STDEV.P(C29:E29) -> 2.9439203
B30: Número de pacientes muertos | C30: 30 | D30: 35 | E30: 34 | F30: =AVERAGE(C30:E30) -> 33 | G30: =_xlfn.STDEV.P(C30:E30) -> 2.1602469
B31: Número de sanos vivos | C31: 28 | D31: 25 | E31: 28 | F31: =AVERAGE(C31:E31) -> 27 | G31: =_xlfn.STDEV.P(C31:E31) -> 1.4142136
B32: Número de sanos muertos | C32: 22 | D32: 25 | E32: 22 | F32: =AVERAGE(C32:E32) -> 23 | G32: =_xlfn.STDEV.P(C32:E32) -> 1.4142136
B33: Tiempo promedio de evacuación | C33: 436 | D33: 435 | E33: 428 | F33: =AVERAGE(C33:E33) -> 433 | G33: =_xlfn.STDEV.P(C33:E33) -> 3.5590261
A35: Table 6 | B35: Escenario No. 4: ADDING TWO ADDITIONAL TRANSVERSE DOORS TO THE EXISTING ONES
B36: Resultados | C36: S1 | D36: S2 | E36: S3 | F36: Promedio | G36: Desv. Estandar
B37: Individuos en el ambiente | C37: 100 | D37: 100 | E37: 100 | F37: =AVERAGE(C37:E37) -> 100 | G37: =_xlfn.STDEV.P(C37:E37) -> 0
B38: Número de individuos vivos | C38: 88 | D38: 90 | E38: 83 | F38: =AVERAGE(C38:E38) -> 87 | G38: =_xlfn.STDEV.P(C38:E38) -> 2.9439203
B39: Número de individuos muertos | C39: 9 | D39: 1 | E39: 14 | F39: =AVERAGE(C39:E39) -> 8 | G39: =_xlfn.STDEV.P(C39:E39) -> 5.3541261
B40: Número de pacientes vivos | C40: 43 | D40: 44 | E40: 39 | F40: =AVERAGE(C40:E40) -> 42 | G40: =_xlfn.STDEV.P(C40:E40) -> 2.1602469
B41: Número de pacientes muertos | C41: 2 | D41: 4 | E41: 3 | F41: =AVERAGE(C41:E41) -> 3 | G41: =_xlfn.STDEV.P(C41:E41) -> 0.81649658
B42: Número de sanos vivos | C42: 47 | D42: 42 | E42: 46 | F42: =AVERAGE(C42:E42) -> 45 | G42: =_xlfn.STDEV.P(C42:E42) -> 2.1602469
B43: Número de sanos muertos | C43: 8 | D43: 13 | E43: 9 | F43: =AVERAGE(C43:E43) -> 10 | G43: =_xlfn.STDEV.P(C43:E43) -> 2.1602469
B44: Tiempo promedio de evacuación | C44: 194 | D44: 199 | E44: 201 | F44: =AVERAGE(C44:E44) -> 198 | G44: =_xlfn.STDEV.P(C44:E44) -> 2.9439203
A46: Table 7 | B46: Escenario No. 5: THE IMPACTOF PEOPLE MOVING ALONG THE WALLS
B47: Resultados | C47: S1 | D47: S2 | E47: S3 | F47: Promedio | G47: Desv. Estandar
B48: Individuos en el ambiente | C48: 100 | D48: 100 | E48: 100 | F48: =AVERAGE(C48:E48) -> 100 | G48: =_xlfn.STDEV.P(C48:E48) -> 0
B49: Número de individuos vivos | C49: 95 | D49: 94 | E49: 90 | F49: =AVERAGE(C49:E49) -> 93 | G49: =_xlfn.STDEV.P(C49:E49) -> 2.1602469
B50: Número de individuos muertos | C50: 5 | D50: 6 | E50: 7 | F50: =AVERAGE(C50:E50) -> 6 | G50: =_xlfn.STDEV.P(C50:E50) -> 0.81649658
B51: Número de pacientes vivos | C51: 20 | D51: 24 | E51: 25 | F51: =AVERAGE(C51:E51) -> 23 | G51: =_xlfn.STDEV.P(C51:E51) -> 2.1602469
B52: Número de pacientes muertos | C52: 5 | D52: 9 | E52: 4 | F52: =AVERAGE(C52:E52) -> 6 | G52: =_xlfn.STDEV.P(C52:E52) -> 2.1602469
B53: Número de sanos vivos | C53: 73 | D53: 69 | E53: 68 | F53: =AVERAGE(C53:E53) -> 70 | G53: =_xlfn.STDEV.P(C53:E53) -> 2.1602469
B54: Número de sanos muertos | C54: 0 | D54: 1 | E54: 0 | F54: =AVERAGE(C54:E54) -> 0.33333333 | G54: =_xlfn.STDEV.P(C54:E54) -> 0.47140452
B55: Tiempo promedio de evacuación | C55: 228 | D55: 223 | E55: 224 | F55: =AVERAGE(C55:E55) -> 225 | G55: =_xlfn.STDEV.P(C55:E55) -> 2.1602469
A57: Table 8 | B57: Escenario No. 6: ALL EVACUEE AGENTS ARE HEALTHY AND UNAWARE OF THE BUILDING’S CONFIGURATION
B58: Resultados | C58: S1 | D58: S2 | E58: S3 | F58: Promedio | G58: Desv. Estandar
B59: Individuos en el ambiente | C59: 100 | D59: 100 | E59: 100 | F59: =AVERAGE(C59:E59) -> 100 | G59: =_xlfn.STDEV.P(C59:E59) -> 0
B60: Número de individuos vivos | C60: 71 | D60: 86 | E60: 79 | F60: =AVERAGE(C60:E60) -> 78.666667 | G60: =_xlfn.STDEV.P(C60:E60) -> 6.1282588
B61: Número de individuos muertos | C61: 29 | D61: 14 | E61: 21 | F61: =AVERAGE(C61:E61) -> 21.333333 | G61: =_xlfn.STDEV.P(C61:E61) -> 6.1282588
B62: Número de pacientes vivos
B63: Número de pacientes muertos
B64: Número de sanos vivos
B65: Número de sanos muertos
B66: Tiempo promedio de evacuación | C66: 361.2 | D66: 331.8 | E66: 269.4 | F66: =AVERAGE(C66:E66) -> 320.8 | G66: =_xlfn.STDEV.P(C66:E66) -> 38.275841
A68: Table 9 | B68: Escenario No. 7: ONLY50% OF AGENTS (REGARDLESS OF THEIR HEALTH STATUS) ARE FAMILIAR WITH THE BUILDING’S CONFIGURATION
B69: Resultados | C69: S1 | D69: S2 | E69: S3 | F69: Promedio | G69: Desv. Estandar
B70: Individuos en el ambiente | C70: 120 | D70: 120 | E70: 120 | F70: =AVERAGE(C70:E70) -> 120 | G70: =_xlfn.STDEV.P(C70:E70) -> 0
B71: Número de individuos vivos | C71: 96 | D71: 89 | E71: 82 | F71: =AVERAGE(C71:E71) -> 89 | G71: =_xlfn.STDEV.P(C71:E71) -> 5.7154761
B72: Número de individuos muertos | C72: 24 | D72: 31 | E72: 38 | F72: =AVERAGE(C72:E72) -> 31 | G72: =_xlfn.STDEV.P(C72:E72) -> 5.7154761
A73: pacientes vivos | B73: Número vivos que conocen edificio | C73: 55 | D73: 43 | E73: 44 | F73: =AVERAGE(C73:E73) -> 47.333333 | G73: =_xlfn.STDEV.P(C73:E73) -> 5.4365021
A74: pacientes muertos | B74: Número muertos que conocen edificio | C74: 5 | D74: 17 | E74: 16 | F74: =AVERAGE(C74:E74) -> 12.666667 | G74: =_xlfn.STDEV.P(C74:E74) -> 5.4365021
A75: sanos vivos | B75: Número vivos que no conocen edificio | C75: 41 | D75: 46 | E75: 38 | F75: =AVERAGE(C75:E75) -> 41.666667 | G75: =_xlfn.STDEV.P(C75:E75) -> 3.2998316
A76: sanos muertos | B76: Número muertos que no conocen edificio | C76: 19 | D76: 14 | E76: 22 | F76: =AVERAGE(C76:E76) -> 18.333333 | G76: =_xlfn.STDEV.P(C76:E76) -> 3.2998316
B77: Tiempo promedio de evacuación | C77: 321 | D77: 259.8 | E77: 300 | F77: =AVERAGE(C77:E77) -> 293.6 | G77: =_xlfn.STDEV.P(C77:E77) -> 25.391337
A79: Table 10 | B79: Escenario No. 8: ONLY50% OF AGENTS (CONSIDERATION OF THEIR HEALTH STATUS) ARE FAMILIAR WITH THE BUILDING’S CONFIGURATION
B80: Resultados | C80: S1 | D80: S2 | E80: S3 | F80: Promedio | G80: Desv. Estandar
B81: Individuos en el ambiente | C81: 114 | D81: 117 | E81: 108 | F81: =AVERAGE(C81:E81) -> 113 | G81: =_xlfn.STDEV.P(C81:E81) -> 3.7416574
B82: Número de individuos vivos | C82: 101 | D82: 109 | E82: 94 | F82: =AVERAGE(C82:E82) -> 101.33333 | G82: =_xlfn.STDEV.P(C82:E82) -> 6.1282588
B83: Número de individuos muertos | C83: 13 | D83: 8 | E83: 14 | F83: =AVERAGE(C83:E83) -> 11.666667 | G83: =_xlfn.STDEV.P(C83:E83) -> 2.6246693
B84: Pacientes que no conocen edificio | C84: 20 | D84: 17 | E84: 18 | F84: =AVERAGE(C84:E84) -> 18.333333 | G84: =_xlfn.STDEV.P(C84:E84) -> 1.2472191
B85: Sanos que no conocen edificio | C85: 14 | D85: 21 | E85: 9 | F85: =AVERAGE(C85:E85) -> 14.666667 | G85: =_xlfn.STDEV.P(C85:E85) -> 4.9216077
B86: Vivos. Sanos, conocen edificio | C86: 39 | D86: 40 | E86: 37 | F86: =AVERAGE(C86:E86) -> 38.666667 | G86: =_xlfn.STDEV.P(C86:E86) -> 1.2472191
B87: Vivos. Sanos, no conocen edificio | C87: 11 | D87: 18 | E87: 7 | F87: =AVERAGE(C87:E87) -> 12 | G87: =_xlfn.STDEV.P(C87:E87) -> 4.5460606
B88: Vivos. Pacientes, conocen edificio | C88: 36 | D88: 39 | E88: 36 | F88: =AVERAGE(C88:E88) -> 37 | G88: =_xlfn.STDEV.P(C88:E88) -> 1.4142136
B89: Vivos. Pacientes, no conocen edificio | C89: 15 | D89: 12 | E89: 14 | F89: =AVERAGE(C89:E89) -> 13.666667 | G89: =_xlfn.STDEV.P(C89:E89) -> 1.2472191
B90: Muertos. Sanos, conocen edificio | C90: 1 | D90: 0 | E90: 3 | F90: =AVERAGE(C90:E90) -> 1.3333333 | G90: =_xlfn.STDEV.P(C90:E90) -> 1.2472191
B91: Muertos. Sanos, no conocen edificio | C91: 3 | D91: 3 | E91: 2 | F91: =AVERAGE(C91:E91) -> 2.6666667 | G91: =_xlfn.STDEV.P(C91:E91) -> 0.47140452
B92: Muertos. Pacientes, conocen edificio | C92: 4 | D92: 1 | E92: 3 | F92: =AVERAGE(C92:E92) -> 2.6666667 | G92: =_xlfn.STDEV.P(C92:E92) -> 1.2472191
... B94: Tiempo promedio de evacuación | C94: 410 | D94: 320 | E94: 370 | F94: =AVERAGE(C94:E94) -> 366.66667 | G94: =_xlfn.STDEV.P(C94:E94) -> 36.81787
B96: Resumen escenario 8
B97: Resultados | C97: S1 | D97: S2 | E97: S3 | F97: Promedio | G97: Desv. Estandar
B98: Individuos en el ambiente | C98: 114 | D98: 117 | E98: 108 | F98: =AVERAGE(C98:E98) -> 113 | G98: =_xlfn.STDEV.P(C98:E98) -> 3.7416574
B99: Número de individuos vivos | C99: 101 | D99: 109 | E99: 94 | F99: =AVERAGE(C99:E99) -> 101.33333 | G99: =_xlfn.STDEV.P(C99:E99) -> 6.1282588
B100: Número de individuos muertos | C100: 13 | D100: 8 | E100: 14 | F100: =AVERAGE(C100:E100) -> 11.666667 | G100: =_xlfn.STDEV.P(C100:E100) -> 2.6246693
B101: Número de pacientes vivos | C101: =C88+C89 -> 51 | D101: =D88+D89 -> 51 | E101: =E88+E89 -> 50 | F101: =AVERAGE(C101:E101) -> 50.666667 | G101: =_xlfn.STDEV.P(C101:E101) -> 0.47140452
B102: Número de pacientes muertos | C102: =C92+C93 -> 9 | D102: =D92+D93 -> 5 | E102: =E92+E93 -> 9 | F102: =AVERAGE(C102:E102) -> 7.6666667 | G102: =_xlfn.STDEV.P(C102:E102) -> 1.8856181
B103: Número de sanos vivos | C103: =C86+C87 -> 50 | D103: =D86+D87 -> 58 | E103: =E86+E87 -> 44 | F103: =AVERAGE(C103:E103) -> 50.666667 | G103: =_xlfn.STDEV.P(C103:E103) -> 5.7348835
B104: Número de sanos muertos | C104: =C90+C91 -> 4 | D104: =D90+D91 -> 3 | E104: =E90+E91 -> 5 | F104: =AVERAGE(C104:E104) -> 4 | G104: =_xlfn.STDEV.P(C104:E104) -> 0.81649658
B105: Tiempo promedio de evacuación | C105: 410 | D105: 320 | E105: 370 | F105: =AVERAGE(C105:E105) -> 366.66667 | G105: =_xlfn.STDEV.P(C105:E105) -> 36.81787
A107: Table 11 | B107: Escenario No. 9: THE IMPACTOF ADDING EMERGENCY EXITS TO THE HOSPITAL BUILDING
B108: Resultados | C108: S1 | D108: S2 | E108: S3 | F108: Promedio | G108: Desv. Estandar
B109: Individuos en el ambiente | C109: 100 | D109: 100 | E109: 100 | F109: =AVERAGE(C109:E109) -> 100 | G109: =_xlfn.STDEV.P(C109:E109) -> 0
B110: Número de individuos vivos | C110: =C112+C114 -> 99 | D110: =D112+D114 -> 99 | E110: =E112+E114 -> 99 | F110: =AVERAGE(C110:E110) -> 99 | G110: =_xlfn.STDEV.P(C110:E110) -> 0
...

Sheet Net_logo
K1: Resultados promedio Net Logo
K2: Total | M2: Pacientes | O2: Sanos
B3: Escenario | C3: Descripción | D3: Inicio fuego | E3: Ubicación agentes | F3: Consideraciones | G3: Prob_fuego | H3: Pacientes | I3: Sanos | J3: Total | K3: Vivos | L3: Muertos | M3: Vivos | N3: Muertos | O3: Vivos | P3: Muertos | Q3: Tiempo evacuación
B4: 1 | C4: NO CHANGES ARE MADE TO THE BUILDING | D4: Random | E4: Random | F4: Fuego laterales | G4: 95 | H4: =SUM(M4:N4) -> 40 | I4: =SUM(O4:P4) -> 60 | J4: =H4+I4 -> 100 | K4: =Resultados_net_logo!N3 -> 89.8 | L4: =Resultados_net_logo!O3 -> 10.2 | M4: =Resultados_net_logo!P3 -> 35.8 | N4: =Resultados_net_logo!Q3 -> 4.2 | O4: =Resultados_net_logo!R3 -> 54 | P4: =Resultados_net_logo!S3 -> 6 | Q4: =Resultados_net_logo!T3 -> 50.6
B5: 2 | C5: THE IMPACTOF THE LARGE NUMBER OF AGENTS TO EVACUATE | D5: Random | E5: Random | F5: Mayor ocupación | G5: 95 | H5: =SUM(M5:N5) -> 108 | I5: =SUM(O5:P5) -> 182 | J5: =H5+I5 -> 290 | K5: =Resultados_net_logo!N4 -> 221.4 | L5: =Resultados_net_logo!O4 -> 68.6 | M5: =Resultados_net_logo!P4 -> 79.2 | N5: =Resultados_net_logo!Q4 -> 28.8 | O5: =Resultados_net_logo!R4 -> 142.2 | P5: =Resultados_net_logo!S4 -> 39.8 | Q5: =Resultados_net_logo!T4 -> 71.6
B6: 3 | C6: THE IMPACTOF FIRE POSITIONING | D6: Centro | E6: Random | F6: Fuego en centro | G6: 95 | H6: =SUM(M6:N6) -> 60 | I6: =SUM(O6:P6) -> 50 | J6: =H6+I6 -> 110 | K6: =Resultados_net_logo!N5 -> 81.2 | L6: =Resultados_net_logo!O5 -> 28.8 | M6: =Resultados_net_logo!P5 -> 40.2 | N6: =Resultados_net_logo!Q5 -> 19.8 | O6: =Resultados_net_logo!R5 -> 41 | P6: =Resultados_net_logo!S5 -> 9 | Q6: =Resultados_net_logo!T5 -> 36
B7: 4 | C7: ADDING TWO ADDITIONAL TRANSVERSE DOORS TO THE EXISTING ONES | D7: Random | E7: Random | F7: Dos salidas adicionales | G7: 95 | H7: =SUM(M7:N7) -> 45 | I7: =SUM(O7:P7) -> 55 | J7: =H7+I7 -> 100 | K7: =Resultados_net_logo!N6 -> 93.8 | L7: =Resultados_net_logo!O6 -> 6.2 | M7: =Resultados_net_logo!P6 -> 40.4 | N7: =Resultados_net_logo!Q6 -> 4.6 | O7: =Resultados_net_logo!R6 -> 53.4 | P7: =Resultados_net_logo!S6 -> 1.6 | Q7: =Resultados_net_logo!T6 -> 41.2
B8: 5 | C8: THE IMPACTOF PEOPLE MOVING ALONG THE WALLS | D8: Random | E8: Random | F8: Todos conocen edif | G8: 95 | H8: =SUM(M8:N8) -> 40 | I8: =SUM(O8:P8) -> 60 | J8: =H8+I8 -> 100 | K8: =Resultados_net_logo!N7 -> 91.4 | L8: =Resultados_net_logo!O7 -> 8.6 | M8: =Resultados_net_logo!P7 -> 35.4 | N8: =Resultados_net_logo!Q7 -> 4.6 | O8: =Resultados_net_logo!R7 -> 56 | P8: =Resultados_net_logo!S7 -> 4 | Q8: =Resultados_net_logo!T7 -> 28.6
B9: 6 | C9: ALL EVACUEE AGENTS ARE HEALTHY AND UNAWARE OF THE BUILDING’S CONFIGURATION | D9: Random | E9: Random | F9: Fuego laterales, todos sanos y desconocen edif | G9: 95 | I9: =K9+L9 -> 100 | J9: =H9+I9 -> 100 | K9: =Resultados_net_logo!N8 -> 86.4 | L9: =Resultados_net_logo!O8 -> 13.6 | Q9: =Resultados_net_logo!T8 -> 48.6
B10: 7 | C10: ONLY50% OF AGENTS (REGARDLESS OF THEIR HEALTH STATUS) ARE FAMILIAR WITH THE BUILDING’S CONFIGURATION | D10: Random | E10: Random | F10: Solo 50% agentes conoce edif, no considera estado salud | G10: 95 | H10: =SUM(M10:N10) -> 60.8 | I10: =SUM(O10:P10) -> 59.2 | J10: =H10+I10 -> 120 | K10: =Resultados_net_logo!N9 -> 101 | L10: =Resultados_net_logo!O9 -> 19 | M10: =Resultados_net_logo!P9 -> 55.6 | N10: =Resultados_net_logo!Q9 -> 5.2 | O10: =Resultados_net_logo!R9 -> 45.4 | P10: =Resultados_net_logo!S9 -> 13.8 | Q10: =Resultados_net_logo!T9 -> 48.8
B11: 8 | C11: ONLY50% OF AGENTS (CONSIDERATION OF THEIR HEALTH STATUS) ARE FAMILIAR WITH THE BUILDING’S CONFIGURATION | D11: Random | E11: Random | F11: 50% agentes conoce edif, considerar estado salud | G11: 95 | H11: =SUM(M11:N11) -> 58 | I11: =SUM(O11:P11) -> 55 | J11: =H11+I11 -> 113 | K11: =Resultados_net_logo!N10 -> 97.8 | L11: =Resultados_net_logo!O10 -> 15.2 | M11: =Resultados_net_logo!P10 -> 47.2 | N11: =Resultados_net_logo!Q10 -> 10.8 | O11: =Resultados_net_logo!R10 -> 50.6 | P11: =Resultados_net_logo!S10 -> 4.4 | Q11: =Resultados_net_logo!T10 -> 54
B12: 9 | C12: THE IMPACTOF ADDING EMERGENCY EXITS TO THE HOSPITAL BUILDING | D12: Random | E12: Random | F12: Adicionar 2 salidas y 5 puertas de emergencia | G12: 95 | H12: =SUM(M12:N12) -> 50 | I12: =SUM(O12:P12) -> 50 | J12: =H12+I12 -> 100 | K12: =Resultados_net_logo!N11 -> 97.2 | L12: =Resultados_net_logo!O11 -> 2.8 | M12: =Resultados_net_logo!P11 -> 47.8 | N12: =Resultados_net_logo!Q11 -> 2.2 | O12: =Resultados_net_logo!R11 -> 49.4 | P12: =Resultados_net_logo!S11 -> 0.6 | Q12: =Resultados_net_logo!T11 -> 35.2

Sheet Resultados_net_logo
A1: Table paper | M1: Resultados promedio compilados
A2: Table 3 | B2: Escenario No. 1: NO CHANGES ARE MADE TO THE BUILDING | M2: {=TRANSPOSE(B4:B11)} -> Individuos en el ambiente | N2: Número de individuos vivos | O2: Número de individuos muertos | P2: Número de pacientes vivos | Q2: Número de pacientes muertos | R2: Número de sanos vivos | S2: Número de sanos muertos | T2: Tiempo promedio de evacuación
B3: Resultados | C3: S1 | D3: S2 | E3: S3 | F3: S4 | G3: S5 | H3: Promedio | J3: DE | L3: Escenario No. 1 | M3: {=TRANSPOSE(H4:H11)} -> 100 | N3: 89.8 | O3: 10.2 | P3: 35.8 | Q3: 4.2 | R3: 54 | S3: 6 | T3: 50.6
B4: Individuos en el ambiente | C4: =C5+C6 -> 100 | D4: =D5+D6 -> 100 | E4: =E5+E6 -> 100 | F4: =F5+F6 -> 100 | G4: =G5+G6 -> 100 | H4: =AVERAGE(C4:G4) -> 100 | I4: ± | J4: =_xlfn.STDEV.P(C4:G4) -> 0 | L4: Escenario No. 2 | M4: {=TRANSPOSE(H16:H23)} -> 290 | N4: 221.4 | O4: 68.6 | P4: 79.2 | Q4: 28.8 | R4: 142.2 | S4: 39.8 | T4: 71.6
B5: Número de individuos vivos | C5: 89 | D5: 81 | E5: 93 | F5: 89 | G5: 97 | H5: =AVERAGE(C5:G5) -> 89.8 | I5: ± | J5: =_xlfn.STDEV.P(C5:G5) -> 5.3065997 | L5: Escenario No. 3 | M5: {=TRANSPOSE(H28:H35)} -> 110 | N5: 81.2 | O5: 28.8 | P5: 40.2 | Q5: 19.8 | R5: 41 | S5: 9 | T5: 36
B6: Número de individuos muertos | C6: 11 | D6: 19 | E6: 7 | F6: 11 | G6: 3 | H6: =AVERAGE(C6:G6) -> 10.2 | I6: ± | J6: =_xlfn.STDEV.P(C6:G6) -> 5.3065997 | L6: Escenario No. 4 | M6: {=TRANSPOSE(H40:H47)} -> 100 | N6: 93.8 | O6: 6.2 | P6: 40.4 | Q6: 4.6 | R6: 53.4 | S6: 1.6 | T6: 41.2
B7: Número de pacientes vivos | C7: 36 | D7: 31 | E7: 35 | F7: 37 | G7: 40 | H7: =AVERAGE(C7:G7) -> 35.8 | I7: ± | J7: =_xlfn.STDEV.P(C7:G7) -> 2.9257478 | L7: Escenario No. 5 | M7: {=TRANSPOSE(H52:H59)} -> 100 | N7: 91.4 | O7: 8.6 | P7: 35.4 | Q7: 4.6 | R7: 56 | S7: 4 | T7: 28.6
B8: Número de pacientes muertos | C8: 4 | D8: 9 | E8: 5 | F8: 3 | G8: 0 | H8: =AVERAGE(C8:G8) -> 4.2 | I8: ± | J8: =_xlfn.STDEV.P(C8:G8) -> 2.9257478 | L8: Escenario No. 6 | M8: {=TRANSPOSE(H64:H71)} -> 100 | N8: 86.4 | O8: 13.6 | P8: 0 | Q8: 0 | R8: 86.4 | S8: 13.6 | T8: 48.6
B9: Número de sanos vivos | C9: 53 | D9: 50 | E9: 58 | F9: 52 | G9: 57 | H9: =AVERAGE(C9:G9) -> 54 | I9: ± | J9: =_xlfn.STDEV.P(C9:G9) -> 3.0331502 | L9: Escenario No. 7 | M9: {=TRANSPOSE(H76:H83)} -> 120 | N9: 101 | O9: 19 | P9: 55.6 | Q9: 5.2 | R9: 45.4 | S9: 13.8 | T9: 48.8
B10: Número de sanos muertos | C10: 7 | D10: 10 | E10: 2 | F10: 8 | G10: 3 | H10: =AVERAGE(C10:G10) -> 6 | I10: ± | J10: =_xlfn.STDEV.P(C10:G10) -> 3.0331502 | L10: Escenario No. 8 | M10: {=TRANSPOSE(H106:H113)} -> 113 | N10: 97.8 | O10: 15.2 | P10: 47.2 | Q10: 10.8 | R10: 50.6 | S10: 4.4 | T10: 54
B11: Tiempo promedio de evacuación | C11: 50 | D11: 48 | E11: 52 | F11: 54 | G11: 49 | H11: =AVERAGE(C11:G11) -> 50.6 | I11: ± | J11: =_xlfn.STDEV.P(C11:G11) -> 2.1540659 | L11: Escenario No. 9 | M11: {=TRANSPOSE(H118:H125)} -> 100 | N11: 97.2 | O11: 2.8 | P11: 47.8 | Q11: 2.2 | R11: 49.4 | S11: 0.6 | T11: 35.2
B12: Si : Simulación i, donde i = 1…5; DE: Desviación estándar.
A14: Table 4 | B14: Escenario No. 2: THE IMPACTOF THE LARGE NUMBER OF AGENTS TO EVACUATE
B15: Resultados | C15: S1 | D15: S2 | E15: S3 | F15: S4 | G15: S5 | H15: Promedio | J15: DE | L15: Escenario | M15: Agentes vivos | N15: Agentes muertos
B16: Individuos en el ambiente | C16: =C17+C18 -> 290 | D16: =D17+D18 -> 290 | E16: =E17+E18 -> 290 | F16: =F17+F18 -> 290 | G16: =G17+G18 -> 290 | H16: =AVERAGE(C16:G16) -> 290 | I16: ± | J16: =_xlfn.STDEV.P(C16:G16) -> 0 | L16: 1 | M16: =N3 -> 89.8 | N16: =O3 -> 10.2
B17: Número de individuos vivos | C17: 233 | D17: 246 | E17: 199 | F17: 232 | G17: 197 | H17: =AVERAGE(C17:G17) -> 221.4 | I17: ± | J17: =_xlfn.STDEV.P(C17:G17) -> 19.744366 | L17: 2 | M17: =N4 -> 221.4 | N17: =O4 -> 68.6
B18: Número de individuos muertos | C18: 57 | D18: 44 | E18: 91 | F18: 58 | G18: 93 | H18: =AVERAGE(C18:G18) -> 68.6 | I18: ± | J18: =_xlfn.STDEV.P(C18:G18) -> 19.744366 | L18: 3 | M18: =N5 -> 81.2 | N18: =O5 -> 28.8
B19: Número de pacientes vivos | C19: 84 | D19: 92 | E19: 65 | F19: 84 | G19: 71 | H19: =AVERAGE(C19:G19) -> 79.2 | I19: ± | J19: =_xlfn.STDEV.P(C19:G19) -> 9.7857039 | L19: 4 | M19: =N6 -> 93.8 | N19: =O6 -> 6.2
B20: Número de pacientes muertos | C20: 24 | D20: 16 | E20: 43 | F20: 24 | G20: 37 | H20: =AVERAGE(C20:G20) -> 28.8 | I20: ± | J20: =_xlfn.STDEV.P(C20:G20) -> 9.7857039 | L20: 5 | M20: =N7 -> 91.4 | N20: =O7 -> 8.6
B21: Número de sanos vivos | C21: 149 | D21: 154 | E21: 134 | F21: 148 | G21: 126 | H21: =AVERAGE(C21:G21) -> 142.2 | I21: ± | J21: =_xlfn.STDEV.P(C21:G21) -> 10.476641 | L21: 6 | M21: =N8 -> 86.4 | N21: =O8 -> 13.6
B22: Número de sanos muertos | C22: 33 | D22: 28 | E22: 48 | F22: 34 | G22: 56 | H22: =AVERAGE(C22:G22) -> 39.8 | I22: ± | J22: =_xlfn.STDEV.P(C22:G22) -> 10.476641 | L22: 7 | M22: =N9 -> 101 | N22: =O9 -> 19
B23: Tiempo promedio de evacuación | C23: 77 | D23: 73 | E23: 65 | F23: 81 | G23: 62 | H23: =AVERAGE(C23:G23) -> 71.6 | I23: ± | J23: =_xlfn.STDEV.P(C23:G23) -> 7.1442284 | L23: 8 | M23: =N10 -> 97.8 | N23: =O10 -> 15.2
B24: Si : Simulación i, donde i = 1…5; DE: Desviación estándar. | L24: 9 | M24: =N11 -> 97.2 | N24: =O11 -> 2.8
A26: Table 5 | B26: Escenario No. 3: THE IMPACTOF FIRE POSITIONING
B27: Resultados | C27: S1 | D27: S2 | E27: S3 | F27: S4 | G27: S5 | H27: Promedio | J27: DE | L27: Escenario | M27: Agentes en el ambiente | N27: Tiempo promedio de evacuación
B28: Individuos en el ambiente | C28: =C29+C30 -> 110 | D28: =D29+D30 -> 110 | E28: =E29+E30 -> 110 | F28: =F29+F30 -> 110 | G28: =G29+G30 -> 110 | H28: =AVERAGE(C28:G28) -> 110 | I28: ± | J28: =_xlfn.STDEV.P(C28:G28) -> 0 | L28: 1 | M28: =M3 -> 100 | N28: =T3 -> 50.6
B29: Número de individuos vivos | C29: 83 | D29: 89 | E29: 72 | F29: 80 | G29: 82 | H29: =AVERAGE(C29:G29) -> 81.2 | I29: ± | J29: =_xlfn.STDEV.P(C29:G29) -> 5.4918121 | L29: 2 | M29: =M4 -> 290 | N29: =T4 -> 71.6
B30: Número de individuos muertos | C30: 27 | D30: 21 | E30: 38 | F30: 30 | G30: 28 | H30: =AVERAGE(C30:G30) -> 28.8 | I30: ± | J30: =_xlfn.STDEV.P(C30:G30) -> 5.4918121 | L30: 3 | M30: =M5 -> 110 | N30: =T5 -> 36
B31: Número de pacientes vivos | C31: 42 | D31: 47 | E31: 33 | F31: 41 | G31: 38 | H31: =AVERAGE(C31:G31) -> 40.2 | I31: ± | J31: =_xlfn.STDEV.P(C31:G31) -> 4.621688 | L31: 4 | M31: =M6 -> 100 | N31: =T6 -> 41.2
B32: Número de pacientes muertos | C32: 18 | D32: 13 | E32: 27 | F32: 19 | G32: 22 | H32: =AVERAGE(C32:G32) -> 19.8 | I32: ± | J32: =_xlfn.STDEV.P(C32:G32) -> 4.621688 | L32: 5 | M32: =M7 -> 100 | N32: =T7 -> 28.6
B33: Número de sanos vivos | C33: 41 | D33: 42 | E33: 39 | F33: 39 | G33: 44 | H33: =AVERAGE(C33:G33) -> 41 | I33: ± | J33: =_xlfn.STDEV.P(C33:G33) -> 1.8973666 | L33: 6 | M33: =M8 -> 100 | N33: =T8 -> 48.6
B34: Número de sanos muertos | C34: 9 | D34: 8 | E34: 11 | F34: 11 | G34: 6 | H34: =AVERAGE(C34:G34) -> 9 | I34: ± | J34: =_xlfn.STDEV.P(C34:G34) -> 1.8973666 | L34: 7 | M34: =M9 -> 120 | N34: =T9 -> 48.8
B35: Tiempo promedio de evacuación | C35: 24 | D35: 44 | E35: 32 | F35: 40 | G35: 40 | H35: =AVERAGE(C35:G35) -> 36 | I35: ± | J35: =_xlfn.STDEV.P(C35:G35) -> 7.1554175 | L35: 8 | M35: =M10 -> 113 | N35: =T10 -> 54
B36: Si : Simulación i, donde i = 1…5; DE: Desviación estándar. | L36: 9 | M36: =M11 -> 100 | N36: =T11 -> 35.2
A38: Table 6 | B38: Escenario No. 4: ADDING TWO ADDITIONAL TRANSVERSE DOORS TO THE EXISTING ONES
B39: Resultados | C39: S1 | D39: S2 | E39: S3 | F39: S4 | G39: S5 | H39: Promedio | J39: DE | L39: Escenario | M39: Pacientes vivos | N39: Pacientes muertos | O39: Sanos vivos | P39: Sanos muertos
B40: Individuos en el ambiente | C40: =C41+C42 -> 100 | D40: =D41+D42 -> 100 | E40: =E41+E42 -> 100 | F40: =F41+F42 -> 100 | G40: =G41+G42 -> 100 | H40: =AVERAGE(C40:G40) -> 100 | I40: ± | J40: =_xlfn.STDEV.P(C40:G40) -> 0 | L40: 1 | M40: =P3 -> 35.8 | N40: =Q3 -> 4.2 | O40: =R3 -> 54 | P40: =S3 -> 6
B41: Número de individuos vivos | C41: 96 | D41: 94 | E41: 91 | F41: 94 | G41: 94 | H41: =AVERAGE(C41:G41) -> 93.8 | I41: ± | J41: =_xlfn.STDEV.P(C41:G41) -> 1.6 | L41: 2 | M41: =P4 -> 79.2 | N41: =Q4 -> 28.8 | O41: =R4 -> 142.2 | P41: =S4 -> 39.8
B42: Número de individuos muertos | C42: 4 | D42: 6 | E42: 9 | F42: 6 | G42: 6 | H42: =AVERAGE(C42:G42) -> 6.2 | I42: ± | J42: =_xlfn.STDEV.P(C42:G42) -> 1.6 | L42: 3 | M42: =P5 -> 40.2 | N42: =Q5 -> 19.8 | O42: =R5 -> 41 | P42: =S5 -> 9
B43: Número de pacientes vivos | C43: 43 | D43: 40 | E43: 38 | F43: 42 | G43: 39 | H43: =AVERAGE(C43:G43) -> 40.4 | I43: ± | J43: =_xlfn.STDEV.P(C43:G43) -> 1.8547237 | L43: 4 | M43: =P6 -> 40.4 | N43: =Q6 -> 4.6 | O43: =R6 -> 53.4 | P43: =S6 -> 1.6
B44: Número de pacientes muertos | C44: 2 | D44: 5 | E44: 7 | F44: 3 | G44: 6 | H44: =AVERAGE(C44:G44) -> 4.6 | I44: ± | J44: =_xlfn.STDEV.P(C44:G44) -> 1.8547237 | L44: 5 | M44: =P7 -> 35.4 | N44: =Q7 -> 4.6 | O44: =R7 -> 56 | P44: =S7 -> 4
B45: Número de sanos vivos | C45: 53 | D45: 54 | E45: 53 | F45: 52 | G45: 55 | H45: =AVERAGE(C45:G45) -> 53.4 | I45: ± | J45: =_xlfn.STDEV.P(C45:G45) -> 1.0198039 | L45: 6 | M45: =P8 -> 0 | N45: =Q8 -> 0 | O45: =R8 -> 86.4 | P45: =S8 -> 13.6
B46: Número de sanos muertos | C46: 2 | D46: 1 | E46: 2 | F46: 3 | G46: 0 | H46: =AVERAGE(C46:G46) -> 1.6 | I46: ± | J46: =_xlfn.STDEV.P(C46:G46) -> 1.0198039
B47: Tiempo promedio de evacuación | C47: 43 | D47: 42 | E47: 45 | F47: 41 | G47: 35 | H47: =AVERAGE(C47:G47) -> 41.2 | I47: ± | J47: =_xlfn.STDEV.P(C47:G47) -> 3.3704599 | L47: Escenario 7 | M47: =B79 -> Vivos que conocen edificio | N47: =B80 -> Muertos que conocen edificio | O47: =B81 -> Vivos que no conocen edificio | P47: =B82 -> Muertos que no conocen edificio
B48: Si : Simulación i, donde i = 1…5; DE: Desviación estándar. | M48: =H79 -> 55.6 | N48: =H80 -> 5.2 | O48: =H81 -> 45.4 | P48: =H82 -> 13.8
A50: Table 7 | B50: Escenario No. 5: THE IMPACTOF PEOPLE MOVING ALONG THE WALLS
B51: Resultados | C51: S1 | D51: S2 | E51: S3 | F51: S4 | G51: S5 | H51: Promedio | J51: DE | L51: Escenario 8 | M51: {=TRANSPOSE(B91:B100)} -> Pacientes que no conocen edificio | N51: Sanos que no conocen edificio | O51: Vivos. Sanos, conocen edificio | P51: Vivos. Sanos, no conocen edificio | Q51: Vivos. Pacientes, conocen edificio | R51: Vivos. Pacientes, no conocen edificio | S51: Muertos. Sanos, conocen edificio | T51: Muertos. Sanos, no conocen edificio | U51: Muertos. Pacientes, conocen edificio | V51: Muertos. Pacientes, no conocen edificio
B52: Individuos en el ambiente | C52: =C53+C54 -> 100 | D52: =D53+D54 -> 100 | E52: =E53+E54 -> 100 | F52: =F53+F54 -> 100 | G52: =G53+G54 -> 100 | H52: =AVERAGE(C52:G52) -> 100 | I52: ± | J52: =_xlfn.STDEV.P(C52:G52) -> 0 | M52: {=TRANSPOSE(H91:H100)} -> 28.8 | N52: 23.2 | O52: 31 | P52: 19.6 | Q52: 27 | R52: 20.2 | S52: 0.8 | T52: 3.6 | U52: 2.2 | V52: 8.6
B53: Número de individuos vivos | C53: 91 | D53: 84 | E53: 93 | F53: 95 | G53: 94 | H53: =AVERAGE(C53:G53) -> 91.4 | I53: ± | J53: =_xlfn.STDEV.P(C53:G53) -> 3.9293765
B54: Número de individuos muertos | C54: 9 | D54: 16 | E54: 7 | F54: 5 | G54: 6 | H54: =AVERAGE(C54:G54) -> 8.6 | I54: ± | J54: =_xlfn.STDEV.P(C54:G54) -> 3.9293765
B55: Número de pacientes vivos | C55: 37 | D55: 33 | E55: 35 | F55: 35 | G55: 37 | H55: =AVERAGE(C55:G55) -> 35.4 | I55: ± | J55: =_xlfn.STDEV.P(C55:G55) -> 1.496663
B56: Número de pacientes muertos | C56: 3 | D56: 7 | E56: 5 | F56: 5 | G56: 3 | H56: =AVERAGE(C56:G56) -> 4.6 | I56: ± | J56: =_xlfn.STDEV.P(C56:G56) -> 1.496663
B57: Número de sanos vivos | C57: 54 | D57: 51 | E57: 58 | F57: 60 | G57: 57 | H57: =AVERAGE(C57:G57) -> 56 | I57: ± | J57: =_xlfn.STDEV.P(C57:G57) -> 3.1622777
B58: Número de sanos muertos | C58: 6 | D58: 9 | E58: 2 | F58: 0 | G58: 3 | H58: =AVERAGE(C58:G58) -> 4 | I58: ± | J58: =_xlfn.STDEV.P(C58:G58) -> 3.1622777
B59: Tiempo promedio de evacuación | C59: 32 | D59: 25 | E59: 29 | F59: 28 | G59: 29 | H59: =AVERAGE(C59:G59) -> 28.6 | I59: ± | J59: =_xlfn.STDEV.P(C59:G59) -> 2.2449944
B60: Si : Simulación i, donde i = 1…5; DE: Desviación estándar.
A62: Table 8 | B62: Escenario No. 6: ALL EVACUEE AGENTS ARE HEALTHY AND UNAWARE OF THE BUILDING’S CONFIGURATION
B63: Resultados | C63: S1 | D63: S2 | E63: S3 | F63: S4 | G63: S5 | H63: Promedio | J63: DE
B64: Individuos en el ambiente | C64: =C65+C66 -> 100 | D64: =D65+D66 -> 100 | E64: =E65+E66 -> 100 | F64: =F65+F66 -> 100 | G64: =G65+G66 -> 100 | H64: =AVERAGE(C64:G64) -> 100 | I64: ± | J64: =_xlfn.STDEV.P(C64:G64) -> 0
B65: Número de individuos vivos | C65: 94 | D65: 75 | E65: 92 | F65: 91 | G65: 80 | H65: =AVERAGE(C65:G65) -> 86.4 | I65: ± | J65: =_xlfn.STDEV.P(C65:G65) -> 7.4993333
B66: Número de individuos muertos | C66: 6 | D66: 25 | E66: 8 | F66: 9 | G66: 20 | H66: =AVERAGE(C66:G66) -> 13.6 | I66: ± | J66: =_xlfn.STDEV.P(C66:G66) -> 7.4993333
B67: Número de pacientes vivos | C67: 0 | D67: 0 | E67: 0 | F67: 0 | G67: 0 | H67: =AVERAGE(C67:G67) -> 0 | I67: ± | J67: =_xlfn.STDEV.P(C67:G67) -> 0
B68: Número de pacientes muertos | C68: 0 | D68: 0 | E68: 0 | F68: 0 | G68: 0 | H68: =AVERAGE(C68:G68) -> 0 | I68: ± | J68: =_xlfn.STDEV.P(C68:G68) -> 0
B69: Número de sanos vivos | C69: 94 | D69: 75 | E69: 92 | F69: 91 | G69: 80 | H69: =AVERAGE(C69:G69) -> 86.4 | I69: ± | J69: =_xlfn.STDEV.P(C69:G69) -> 7.4993333
B70: Número de sanos muertos | C70: 6 | D70: 25 | E70: 8 | F70: 9 | G70: 20 | H70: =AVERAGE(C70:G70) -> 13.6 | I70: ± | J70: =_xlfn.STDEV.P(C70:G70) -> 7.4993333
B71: Tiempo promedio de evacuación | C71: 47 | D71: 50 | E71: 55 | F71: 42 | G71: 49 | H71: =AVERAGE(C71:G71) -> 48.6 | I71: ± | J71: =_xlfn.STDEV.P(C71:G71) -> 4.2237424
B72: Si : Simulación i, donde i = 1…5; DE: Desviación estándar.
A74: Table 9 | B74: Escenario No. 7: ONLY50% OF AGENTS (REGARDLESS OF THEIR HEALTH STATUS) ARE FAMILIAR WITH THE BUILDING’S CONFIGURATION
B75: Resultados | C75: S1 | D75: S2 | E75: S3 | F75: S4 | G75: S5 | H75: Promedio | J75: DE
B76: Individuos en el ambiente | C76: =C77+C78 -> 120 | D76: =D77+D78 -> 120 | E76: =E77+E78 -> 120 | F76: =F77+F78 -> 120 | G76: =G77+G78 -> 120 | H76: =AVERAGE(C76:G76) -> 120 | I76: ± | J76: =_xlfn.STDEV.P(C76:G76) -> 0
B77: Individuos vivos | C77: 93 | D77: 100 | E77: 105 | F77: 103 | G77: 104 | H77: =AVERAGE(C77:G77) -> 101 | I77: ± | J77: =_xlfn.STDEV.P(C77:G77) -> 4.3358967
B78: Individuos muertos | C78: 27 | D78: 20 | E78: 15 | F78: 17 | G78: 16 | H78: =AVERAGE(C78:G78) -> 19 | I78: ± | J78: =_xlfn.STDEV.P(C78:G78) -> 4.3358967
A79: pacientes vivos | B79: Vivos que conocen edificio | C79: 47 | D79: 56 | E79: 56 | F79: 54 | G79: 65 | H79: =AVERAGE(C79:G79) -> 55.6 | I79: ± | J79: =_xlfn.STDEV.P(C79:G79) -> 5.7480431
A80: pacientes muertos | B80: Muertos que conocen edificio | C80: 9 | D80: 7 | E80: 4 | F80: 1 | G80: 5 | H80: =AVERAGE(C80:G80) -> 5.2 | I80: ± | J80: =_xlfn.STDEV.P(C80:G80) -> 2.712932
A81: sanos vivos | B81: Vivos que no conocen edificio | C81: 46 | D81: 44 | E81: 49 | F81: 49 | G81: 39 | H81: =AVERAGE(C81:G81) -> 45.4 | I81: ± | J81: =_xlfn.STDEV.P(C81:G81) -> 3.720215
A82: sanos muertos | B82: Muertos que no conocen edificio | C82: 18 | D82: 13 | E82: 11 | F82: 16 | G82: 11 | H82: =AVERAGE(C82:G82) -> 13.8 | I82: ± | J82: =_xlfn.STDEV.P(C82:G82) -> 2.7856777
B83: Tiempo promedio de evacuación | C83: 45 | D83: 49 | E83: 48 | F83: 53 | G83: 49 | H83: =AVERAGE(C83:G83) -> 48.8 | I83: ± | J83: =_xlfn.STDEV.P(C83:G83) -> 2.5612497
B84: Si : Simulación i, donde i = 1…5; DE: Desviación estándar.
A86: Table 10 | B86: Escenario No. 8: ONLY50% OF AGENTS (CONSIDERATION OF THEIR HEALTH STATUS) ARE FAMILIAR WITH THE BUILDING’S CONFIGURATION
B87: Resultados | C87: S1 | D87: S2 | E87: S3 | F87: S4 | G87: S5 | H87: Promedio | J87: DE
B88: Individuos en el ambiente | C88: =C89+C90 -> 113 | D88: =D89+D90 -> 113 | E88: =E89+E90 -> 113 | F88: =F89+F90 -> 113 | G88: =G89+G90 -> 113 | H88: =AVERAGE(C88:G88) -> 113 | I88: ± | J88: =_xlfn.STDEV.P(C88:G88) -> 0
B89: Número de individuos vivos | C89: 100 | D89: 103 | E89: 79 | F89: 103 | G89: 104 | H89: =AVERAGE(C89:G89) -> 97.8 | I89: ± | J89: =_xlfn.STDEV.P(C89:G89) -> 9.495262
B90: Número de individuos muertos | C90: 13 | D90: 10 | E90: 34 | F90: 10 | G90: 9 | H90: =AVERAGE(C90:G90) -> 15.2 | I90: ± | J90: =_xlfn.STDEV.P(C90:G90) -> 9.495262
A91: 0 | B91: Pacientes que no conocen edificio | C91: 24 | D91: 30 | E91: 25 | F91: 31 | G91: 34 | H91: =AVERAGE(C91:G91) -> 28.8 | I91: ± | J91: =_xlfn.STDEV.P(C91:G91) -> 3.7629775
A92: 1 | B92: Sanos que no conocen edificio | C92: 29 | D92: 21 | E92: 25 | F92: 21 | G92: 20 | H92: =AVERAGE(C92:G92) -> 23.2 | I92: ± | J92: =_xlfn.STDEV.P(C92:G92) -> 3.3704599
A93: 2 | B93: Vivos. Sanos, conocen edificio | C93: 26 | D93: 33 | E93: 28 | F93: 33 | G93: 35 | H93: =AVERAGE(C93:G93) -> 31 | I93: ± | J93: =_xlfn.STDEV.P(C93:G93) -> 3.4058773
A94: 3 | B94: Vivos. Sanos, no conocen edificio | C94: 25 | D94: 20 | E94: 13 | F94: 20 | G94: 20 | H94: =AVERAGE(C94:G94) -> 19.6 | I94: ± | J94: =_xlfn.STDEV.P(C94:G94) -> 3.8262253
A95: 4 | B95: Vivos. Pacientes, conocen edificio | C95: 33 | D95: 27 | E95: 25 | F95: 26 | G95: 24 | H95: =AVERAGE(C95:G95) -> 27 | I95: ± | J95: =_xlfn.STDEV.P(C95:G95) -> 3.1622777
A96: 5 | B96: Vivos. Pacientes, no conocen edificio | C96: 16 | D96: 23 | E96: 13 | F96: 24 | G96: 25 | H96: =AVERAGE(C96:G96) -> 20.2 | I96: ± | J96: =_xlfn.STDEV.P(C96:G96) -> 4.7916594
A97: 6 | B97: Muertos. Sanos, conocen edificio | C97: 0 | D97: 1 | E97: 2 | F97: 1 | G97: 0 | H97: =AVERAGE(C97:G97) -> 0.8 | I97: ± | J97: =_xlfn.STDEV.P(C97:G97) -> 0.74833148
A98: 7 | B98: Muertos. Sanos, no conocen edificio | C98: 4 | D98: 1 | E98: 12 | F98: 1 | G98: 0 | H98: =AVERAGE(C98:G98) -> 3.6 | I98: ± | J98: =_xlfn.STDEV.P(C98:G98) -> 4.4090815
A99: 8 | B99: Muertos. Pacientes, conocen edificio | C99: 1 | D99: 1 | E99: 8 | F99: 1 | G99: 0 | H99: =AVERAGE(C99:G99) -> 2.2 | I99: ± | J99: =_xlfn.STDEV.P(C99:G99) -> 2.9257478
A100: 9 | B100: Muertos. Pacientes, no conocen edificio | C100: 8 | D100: 7 | E100: 12 | F100: 7 | G100: 9 | H100: =AVERAGE(C100:G100) -> 8.6 | I100: ± | J100: =_xlfn.STDEV.P(C100:G100) -> 1.8547237
B101: Tiempo promedio de evacuación | C101: 64 | D101: 56 | E101: 49 | F101: 44 | G101: 57 | H101: =AVERAGE(C101:G101) -> 54 | I101: ± | J101: =_xlfn.STDEV.P(C101:G101) -> 6.8992753
B102: Si : Simulación i, donde i = 1…5; DE: Desviación estándar.
B104: Resumen escenario 8
B105: Resultados | C105: S1 | D105: S2 | E105: S3 | F105: S4 | G105: S5 | H105: Promedio | J105: DE
B106: Individuos en el ambiente | C106: =C107+C108 -> 113 | D106: =D107+D108 -> 113 | E106: =E107+E108 -> 113 | F106: =F107+F108 -> 113 | G106: =G107+G108 -> 113 | H106: =AVERAGE(C106:G106) -> 113 | I106: ± | J106: =_xlfn.STDEV.P(C106:G106) -> 0
B107: Número de individuos vivos | C107: =C89 -> 100 | D107: =D89 -> 103 | E107: =E89 -> 79 | F107: =F89 -> 103 | G107: =G89 -> 104 | H107: =AVERAGE(C107:G107) -> 97.8 | I107: ± | J107: =_xlfn.STDEV.P(C107:G107) -> 9.495262
B108: Número de individuos muertos | C108: =C90 -> 13 | D108: =D90 -> 10 | E108: =E90 -> 34 | F108: =F90 -> 10 | G108: =G90 -> 9 | H108: =AVERAGE(C108:G108) -> 15.2 | I108: ± | J108: =_xlfn.STDEV.P(C108:G108) -> 9.495262
...

Sheet Resultados_net_logo(no_vel)
M1: Resultados promedio compilados
A2: Table 3 | B2: Escenario No. 1: NO CHANGES ARE MADE TO THE BUILDING | M2: {=TRANSPOSE(B4:B11)} -> Individuos en el ambiente | N2: Número de individuos vivos | O2: Número de individuos muertos | P2: Número de pacientes vivos | Q2: Número de pacientes muertos | R2: Número de sanos vivos | S2: Número de sanos muertos | T2: Tiempo promedio de evacuación
B3: Resultados | C3: S1 | D3: S2 | E3: S3 | F3: S4 | G3: S5 | H3: Promedio | I3: Desv. Estandar | L3: Escenario No. 1 | M3: {=TRANSPOSE(H4:H11)} -> 100 | N3: 87.2 | O3: 12.8 | P3: 34.4 | Q3: 5.6 | R3: 52.8 | S3: 7.2 | T3: 56
B4: Individuos en el ambiente | C4: =C5+C6 -> 100 | D4: =D5+D6 -> 100 | E4: =E5+E6 -> 100 | F4: =F5+F6 -> 100 | G4: =G5+G6 -> 100 | H4: =AVERAGE(C4:G4) -> 100 | I4: =_xlfn.STDEV.P(C4:G4) -> 0 | L4: Escenario No. 2 | M4: {=TRANSPOSE(H15:H22)} -> 290 | N4: 197.6 | O4: 92.4 | P4: 71.4 | Q4: 36.6 | R4: 126.2 | S4: 55.8 | T4: 71.6
B5: Número de individuos vivos | C5: 82 | D5: 87 | E5: 98 | F5: 93 | G5: 76 | H5: =AVERAGE(C5:G5) -> 87.2 | I5: =_xlfn.STDEV.P(C5:G5) -> 7.7820306 | L5: Escenario No. 3 | M5: {=TRANSPOSE(H26:H33)} -> 110 | N5: 72.2 | O5: 37.8 | P5: 37.8 | Q5: 22.2 | R5: 34.4 | S5: 15.6 | T5: 45.2
B6: Número de individuos muertos | C6: 18 | D6: 13 | E6: 2 | F6: 7 | G6: 24 | H6: =AVERAGE(C6:G6) -> 12.8 | I6: =_xlfn.STDEV.P(C6:G6) -> 7.7820306 | L6: Escenario No. 4 | M6: {=TRANSPOSE(H37:H44)} -> 0 | N6: #DIV/0! | O6: #DIV/0! | P6: #DIV/0! | Q6: #DIV/0! | R6: #DIV/0! | S6: #DIV/0! | T6: #DIV/0!
B7: Número de pacientes vivos | C7: 31 | D7: 36 | E7: 40 | F7: 35 | G7: 30 | H7: =AVERAGE(C7:G7) -> 34.4 | I7: =_xlfn.STDEV.P(C7:G7) -> 3.611094 | L7: Escenario No. 5 | M7: {=TRANSPOSE(H48:H55)} -> 100 | N7: 86.6 | O7: 13.4 | P7: 34.4 | Q7: 5.6 | R7: 52.2 | S7: 7.8 | T7: 35.6
B8: Número de pacientes muertos | C8: 9 | D8: 4 | E8: 0 | F8: 5 | G8: 10 | H8: =AVERAGE(C8:G8) -> 5.6 | I8: =_xlfn.STDEV.P(C8:G8) -> 3.611094 | L8: Escenario No. 6 | M8: {=TRANSPOSE(H59:H66)} -> 100 | N8: 78.666667 | O8: 21.333333 | P8: 0 | Q8: 0 | R8: 0 | S8: 0 | T8: 320.8
B9: Número de sanos vivos | C9: 51 | D9: 51 | E9: 58 | F9: 58 | G9: 46 | H9: =AVERAGE(C9:G9) -> 52.8 | I9: =_xlfn.STDEV.P(C9:G9) -> 4.621688 | L9: Escenario No. 7 | M9: {=TRANSPOSE(H70:H77)} -> 120 | N9: 89 | O9: 31 | P9: 41.666667 | Q9: 18.333333 | R9: 47.333333 | S9: 12.666667 | T9: 293.6
B10: Número de sanos muertos | C10: 9 | D10: 9 | E10: 2 | F10: 2 | G10: 14 | H10: =AVERAGE(C10:G10) -> 7.2 | I10: =_xlfn.STDEV.P(C10:G10) -> 4.621688 | L10: Escenario No. 8 | M10: {=TRANSPOSE(H98:H105)} -> 113 | N10: 101.33333 | O10: 11.666667 | P10: 50.666667 | Q10: 7.6666667 | R10: 50.666667 | S10: 4 | T10: 366.66667
B11: Tiempo promedio de evacuación | C11: 59 | D11: 60 | E11: 49 | F11: 65 | G11: 47 | H11: =AVERAGE(C11:G11) -> 56 | I11: =_xlfn.STDEV.P(C11:G11) -> 6.8702256 | L11: Escenario No. 9 | M11: {=TRANSPOSE(H109:H116)} -> 100 | N11: 99 | O11: 1 | P11: 49.333333 | Q11: 0.66666667 | R11: 49.666667 | S11: 0.33333333 | T11: 346.66667
A13: Table 4 | B13: Escenario No. 2: THE IMPACTOF THE LARGE NUMBER OF AGENTS TO EVACUATE
B14: Resultados | C14: S1 | D14: S2 | E14: S3 | F14: S4 | G14: S5 | H14: Promedio | I14: Desv. Estandar
B15: Individuos en el ambiente | C15: =C16+C17 -> 290 | D15: =D16+D17 -> 290 | E15: =E16+E17 -> 290 | F15: =F16+F17 -> 290 | G15: =G16+G17 -> 290 | H15: =AVERAGE(C15:G15) -> 290 | I15: =_xlfn.STDEV.P(C15:G15) -> 0
B16: Número de individuos vivos | C16: 180 | D16: 193 | E16: 216 | F16: 211 | G16: 188 | H16: =AVERAGE(C16:G16) -> 197.6 | I16: =_xlfn.STDEV.P(C16:G16) -> 13.720058
B17: Número de individuos muertos | C17: 110 | D17: 97 | E17: 74 | F17: 79 | G17: 102 | H17: =AVERAGE(C17:G17) -> 92.4 | I17: =_xlfn.STDEV.P(C17:G17) -> 13.720058
B18: Número de pacientes vivos | C18: 64 | D18: 71 | E18: 77 | F18: 79 | G18: 66 | H18: =AVERAGE(C18:G18) -> 71.4 | I18: =_xlfn.STDEV.P(C18:G18) -> 5.8855756
B19: Número de pacientes muertos | C19: 44 | D19: 37 | E19: 31 | F19: 29 | G19: 42 | H19: =AVERAGE(C19:G19) -> 36.6 | I19: =_xlfn.STDEV.P(C19:G19) -> 5.8855756
B20: Número de sanos vivos | C20: 116 | D20: 122 | E20: 139 | F20: 132 | G20: 122 | H20: =AVERAGE(C20:G20) -> 126.2 | I20: =_xlfn.STDEV.P(C20:G20) -> 8.2073138
B21: Número de sanos muertos | C21: 66 | D21: 60 | E21: 43 | F21: 50 | G21: 60 | H21: =AVERAGE(C21:G21) -> 55.8 | I21: =_xlfn.STDEV.P(C21:G21) -> 8.2073138
B22: Tiempo promedio de evacuación | C22: 65 | D22: 75 | E22: 79 | F22: 69 | G22: 70 | H22: =AVERAGE(C22:G22) -> 71.6 | I22: =_xlfn.STDEV.P(C22:G22) -> 4.8826222
A24: Table 5 | B24: Escenario No. 3: THE IMPACTOF FIRE POSITIONING
B25: Resultados | C25: S1 | D25: S2 | E25: S3 | F25: S4 | G25: S5 | H25: Promedio | I25: Desv. Estandar
B26: Individuos en el ambiente | C26: =C27+C28 -> 110 | D26: =D27+D28 -> 110 | E26: =E27+E28 -> 110 | F26: =F27+F28 -> 110 | G26: =G27+G28 -> 110 | H26: =AVERAGE(C26:G26) -> 110 | I26: =_xlfn.STDEV.P(C26:G26) -> 0
B27: Número de individuos vivos | C27: 65 | D27: 73 | E27: 82 | F27: 65 | G27: 76 | H27: =AVERAGE(C27:G27) -> 72.2 | I27: =_xlfn.STDEV.P(C27:G27) -> 6.5543878
B28: Número de individuos muertos | C28: 45 | D28: 37 | E28: 28 | F28: 45 | G28: 34 | H28: =AVERAGE(C28:G28) -> 37.8 | I28: =_xlfn.STDEV.P(C28:G28) -> 6.5543878
B29: Número de pacientes vivos | C29: 32 | D29: 38 | E29: 45 | F29: 31 | G29: 43 | H29: =AVERAGE(C29:G29) -> 37.8 | I29: =_xlfn.STDEV.P(C29:G29) -> 5.6356011
B30: Número de pacientes muertos | C30: 28 | D30: 22 | E30: 15 | F30: 29 | G30: 17 | H30: =AVERAGE(C30:G30) -> 22.2 | I30: =_xlfn.STDEV.P(C30:G30) -> 5.6356011
B31: Número de sanos vivos | C31: 33 | D31: 35 | E31: 37 | F31: 34 | G31: 33 | H31: =AVERAGE(C31:G31) -> 34.4 | I31: =_xlfn.STDEV.P(C31:G31) -> 1.496663
B32: Número de sanos muertos | C32: 17 | D32: 15 | E32: 13 | F32: 16 | G32: 17 | H32: =AVERAGE(C32:G32) -> 15.6 | I32: =_xlfn.STDEV.P(C32:G32) -> 1.496663
B33: Tiempo promedio de evacuación | C33: 45 | D33: 47 | E33: 47 | F33: 48 | G33: 39 | H33: =AVERAGE(C33:G33) -> 45.2 | I33: =_xlfn.STDEV.P(C33:G33) -> 3.2496154
A35: Table 6 | B35: Escenario No. 4: ADDING TWO ADDITIONAL TRANSVERSE DOORS TO THE EXISTING ONES
B36: Resultados | C36: S1 | D36: S2 | E36: S3 | F36: S4 | G36: S5 | H36: Promedio | I36: Desv. Estandar
B37: Individuos en el ambiente | C37: =C38+C39 -> 0 | D37: =D38+D39 -> 0 | E37: =E38+E39 -> 0 | F37: =F38+F39 -> 0 | G37: =G38+G39 -> 0 | H37: =AVERAGE(C37:G37) -> 0 | I37: =_xlfn.STDEV.P(C37:G37) -> 0
B38: Número de individuos vivos | H38: =AVERAGE(C38:G38) -> #DIV/0! | I38: =_xlfn.STDEV.P(C38:G38) -> #DIV/0!
B39: Número de individuos muertos | H39: =AVERAGE(C39:G39) -> #DIV/0! | I39: =_xlfn.STDEV.P(C39:G39) -> #DIV/0!
B40: Número de pacientes vivos | H40: =AVERAGE(C40:G40) -> #DIV/0! | I40: =_xlfn.STDEV.P(C40:G40) -> #DIV/0!
B41: Número de pacientes muertos | H41: =AVERAGE(C41:G41) -> #DIV/0! | I41: =_xlfn.STDEV.P(C41:G41) -> #DIV/0!
B42: Número de sanos vivos | H42: =AVERAGE(C42:G42) -> #DIV/0! | I42: =_xlfn.STDEV.P(C42:G42) -> #DIV/0!
B43: Número de sanos muertos | H43: =AVERAGE(C43:G43) -> #DIV/0! | I43: =_xlfn.STDEV.P(C43:G43) -> #DIV/0!
B44: Tiempo promedio de evacuación | H44: =AVERAGE(C44:G44) -> #DIV/0! | I44: =_xlfn.STDEV.P(C44:G44) -> #DIV/0!
A46: Table 7 | B46: Escenario No. 5: THE IMPACTOF PEOPLE MOVING ALONG THE WALLS
B47: Resultados | C47: S1 | D47: S2 | E47: S3 | F47: S4 | G47: S5 | H47: Promedio | I47: Desv. Estandar
B48: Individuos en el ambiente | C48: =C49+C50 -> 100 | D48: =D49+D50 -> 100 | E48: =E49+E50 -> 100 | F48: =F49+F50 -> 100 | G48: =G49+G50 -> 100 | H48: =AVERAGE(C48:G48) -> 100 | I48: =_xlfn.STDEV.P(C48:G48) -> 0
B49: Número de individuos vivos | C49: 93 | D49: 79 | E49: 83 | F49: 94 | G49: 84 | H49: =AVERAGE(C49:G49) -> 86.6 | I49: =_xlfn.STDEV.P(C49:G49) -> 5.8855756
B50: Número de individuos muertos | C50: 7 | D50: 21 | E50: 17 | F50: 6 | G50: 16 | H50: =AVERAGE(C50:G50) -> 13.4 | I50: =_xlfn.STDEV.P(C50:G50) -> 5.8855756
B51: Número de pacientes vivos | C51: 39 | D51: 28 | E51: 33 | F51: 39 | G51: 33 | H51: =AVERAGE(C51:G51) -> 34.4 | I51: =_xlfn.STDEV.P(C51:G51) -> 4.1761226
B52: Número de pacientes muertos | C52: 1 | D52: 12 | E52: 7 | F52: 1 | G52: 7 | H52: =AVERAGE(C52:G52) -> 5.6 | I52: =_xlfn.STDEV.P(C52:G52) -> 4.1761226
B53: Número de sanos vivos | C53: 54 | D53: 51 | E53: 50 | F53: 55 | G53: 51 | H53: =AVERAGE(C53:G53) -> 52.2 | I53: =_xlfn.STDEV.P(C53:G53) -> 1.9390719
B54: Número de sanos muertos | C54: 6 | D54: 9 | E54: 10 | F54: 5 | G54: 9 | H54: =AVERAGE(C54:G54) -> 7.8 | I54: =_xlfn.STDEV.P(C54:G54) -> 1.9390719
B55: Tiempo promedio de evacuación | C55: 39 | D55: 37 | E55: 35 | F55: 34 | G55: 33 | H55: =AVERAGE(C55:G55) -> 35.6 | I55: =_xlfn.STDEV.P(C55:G55) -> 2.1540659
A57: Table 8 | B57: Escenario No. 6: ALL EVACUEE AGENTS ARE HEALTHY AND UNAWARE OF THE BUILDING’S CONFIGURATION
B58: Resultados | C58: S1 | D58: S2 | E58: S3 | F58: S4 | G58: S5 | H58: Promedio | I58: Desv. Estandar
B59: Individuos en el ambiente | C59: 100 | D59: 100 | E59: 100 | H59: =AVERAGE(C59:G59) -> 100 | I59: =_xlfn.STDEV.P(C59:G59) -> 0
A60: sanos | B60: Número de individuos vivos | C60: 71 | D60: 86 | E60: 79 | H60: =AVERAGE(C60:G60) -> 78.666667 | I60: =_xlfn.STDEV.P(C60:G60) -> 6.1282588
B61: Número de individuos muertos | C61: 29 | D61: 14 | E61: 21 | H61: =AVERAGE(C61:G61) -> 21.333333 | I61: =_xlfn.STDEV.P(C61:G61) -> 6.1282588
B62: Número de pacientes vivos
B63: Número de pacientes muertos
B64: Número de sanos vivos
B65: Número de sanos muertos
B66: Tiempo promedio de evacuación | C66: 361.2 | D66: 331.8 | E66: 269.4 | H66: =AVERAGE(C66:G66) -> 320.8 | I66: =_xlfn.STDEV.P(C66:G66) -> 38.275841
A68: Table 9 | B68: Escenario No. 7: ONLY50% OF AGENTS (REGARDLESS OF THEIR HEALTH STATUS) ARE FAMILIAR WITH THE BUILDING’S CONFIGURATION
B69: Resultados | C69: S1 | D69: S2 | E69: S3 | F69: S4 | G69: S5 | H69: Promedio | I69: Desv. Estandar
B70: Individuos en el ambiente | C70: 120 | D70: 120 | E70: 120 | H70: =AVERAGE(C70:G70) -> 120 | I70: =_xlfn.STDEV.P(C70:G70) -> 0
B71: Número de individuos vivos | C71: 96 | D71: 89 | E71: 82 | H71: =AVERAGE(C71:G71) -> 89 | I71: =_xlfn.STDEV.P(C71:G71) -> 5.7154761
B72: Número de individuos muertos | C72: 24 | D72: 31 | E72: 38 | H72: =AVERAGE(C72:G72) -> 31 | I72: =_xlfn.STDEV.P(C72:G72) -> 5.7154761
A73: pacientes vivos | B73: Número vivos que no conocen edificio | C73: 41 | D73: 46 | E73: 38 | H73: =AVERAGE(C73:G73) -> 41.666667 | I73: =_xlfn.STDEV.P(C73:G73) -> 3.2998316
A74: pacientes muertos | B74: Número muertos que no conocen edificio | C74: 19 | D74: 14 | E74: 22 | H74: =AVERAGE(C74:G74) -> 18.333333 | I74: =_xlfn.STDEV.P(C74:G74) -> 3.2998316
A75: sanos vivos | B75: Número vivos que conocen edificio | C75: 55 | D75: 43 | E75: 44 | H75: =AVERAGE(C75:G75) -> 47.333333 | I75: =_xlfn.STDEV.P(C75:G75) -> 5.4365021
A76: sanos muertos | B76: Número muertos que conocen edificio | C76: 5 | D76: 17 | E76: 16 | H76: =AVERAGE(C76:G76) -> 12.666667 | I76: =_xlfn.STDEV.P(C76:G76) -> 5.4365021
B77: Tiempo promedio de evacuación | C77: 321 | D77: 259.8 | E77: 300 | H77: =AVERAGE(C77:G77) -> 293.6 | I77: =_xlfn.STDEV.P(C77:G77) -> 25.391337
A79: Table 10 | B79: Escenario No. 8: ONLY50% OF AGENTS (CONSIDERATION OF THEIR HEALTH STATUS) ARE FAMILIAR WITH THE BUILDING’S CONFIGURATION
B80: Resultados | C80: S1 | D80: S2 | E80: S3 | F80: S4 | G80: S5 | H80: Promedio | I80: Desv. Estandar
B81: Individuos en el ambiente | C81: 114 | D81: 117 | E81: 108 | H81: =AVERAGE(C81:G81) -> 113 | I81: =_xlfn.STDEV.P(C81:G81) -> 3.7416574
B82: Número de individuos vivos | C82: 101 | D82: 109 | E82: 94 | H82: =AVERAGE(C82:G82) -> 101.33333 | I82: =_xlfn.STDEV.P(C82:G82) -> 6.1282588
B83: Número de individuos muertos | C83: 13 | D83: 8 | E83: 14 | H83: =AVERAGE(C83:G83) -> 11.666667 | I83: =_xlfn.STDEV.P(C83:G83) -> 2.6246693
B84: Enfermos que no conocen edificio | C84: 20 | D84: 17 | E84: 18 | H84: =AVERAGE(C84:G84) -> 18.333333 | I84: =_xlfn.STDEV.P(C84:G84) -> 1.2472191
B85: Sanos que no conocen edificio | C85: 14 | D85: 21 | E85: 9 | H85: =AVERAGE(C85:G85) -> 14.666667 | I85: =_xlfn.STDEV.P(C85:G85) -> 4.9216077
B86: Vivos. Sanos, conocen edificio | C86: 39 | D86: 40 | E86: 37 | H86: =AVERAGE(C86:G86) -> 38.666667 | I86: =_xlfn.STDEV.P(C86:G86) -> 1.2472191
B87: Vivos. Sanos, no conocen edificio | C87: 11 | D87: 18 | E87: 7 | H87: =AVERAGE(C87:G87) -> 12 | I87: =_xlfn.STDEV.P(C87:G87) -> 4.5460606
B88: Vivos. Enfermos, conocen edificio | C88: 36 | D88: 39 | E88: 36 | H88: =AVERAGE(C88:G88) -> 37 | I88: =_xlfn.STDEV.P(C88:G88) -> 1.4142136
B89: Vivos. Enfermos, no conocen edificio | C89: 15 | D89: 12 | E89: 14 | H89: =AVERAGE(C89:G89) -> 13.666667 | I89: =_xlfn.STDEV.P(C89:G89) -> 1.2472191
B90: Muertos. Sanos, conocen edificio | C90: 1 | D90: 0 | E90: 3 | H90: =AVERAGE(C90:G90) -> 1.3333333 | I90: =_xlfn.STDEV.P(C90:G90) -> 1.2472191
B91: Muertos. Sanos, no conocen edificio | C91: 3 | D91: 3 | E91: 2 | H91: =AVERAGE(C91:G91) -> 2.6666667 | I91: =_xlfn.STDEV.P(C91:G91) -> 0.47140452
B92: Muertos. Enfermos, conocen edificio | C92: 4 | D92: 1 | E92: 3 | H92: =AVERAGE(C92:G92) -> 2.6666667 | I92: =_xlfn.STDEV.P(C92:G92) -> 1.2472191
... B94: Tiempo promedio de evacuación | C94: 410 | D94: 320 | E94: 370 | H94: =AVERAGE(C94:G94) -> 366.66667 | I94: =_xlfn.STDEV.P(C94:G94) -> 36.81787
B96: Resumen escenario 8
B97: Resultados | C97: S1 | D97: S2 | E97: S3 | F97: S4 | G97: S5 | H97: Promedio | I97: Desv. Estandar
B98: Individuos en el ambiente | C98: 114 | D98: 117 | E98: 108 | H98: =AVERAGE(C98:G98) -> 113 | I98: =_xlfn.STDEV.P(C98:G98) -> 3.7416574
B99: Número de individuos vivos | C99: 101 | D99: 109 | E99: 94 | H99: =AVERAGE(C99:G99) -> 101.33333 | I99: =_xlfn.STDEV.P(C99:G99) -> 6.1282588
B100: Número de individuos muertos | C100: 13 | D100: 8 | E100: 14 | H100: =AVERAGE(C100:G100) -> 11.666667 | I100: =_xlfn.STDEV.P(C100:G100) -> 2.6246693
B101: Número de pacientes vivos | C101: =C88+C89 -> 51 | D101: =D88+D89 -> 51 | E101: =E88+E89 -> 50 | H101: =AVERAGE(C101:G101) -> 50.666667 | I101: =_xlfn.STDEV.P(C101:G101) -> 0.47140452
B102: Número de pacientes muertos | C102: =C92+C93 -> 9 | D102: =D92+D93 -> 5 | E102: =E92+E93 -> 9 | H102: =AVERAGE(C102:G102) -> 7.6666667 | I102: =_xlfn.STDEV.P(C102:G102) -> 1.8856181
B103: Número de sanos vivos | C103: =C86+C87 -> 50 | D103: =D86+D87 -> 58 | E103: =E86+E87 -> 44 | H103: =AVERAGE(C103:G103) -> 50.666667 | I103: =_xlfn.STDEV.P(C103:G103) -> 5.7348835
B104: Número de sanos muertos | C104: =C90+C91 -> 4 | D104: =D90+D91 -> 3 | E104: =E90+E91 -> 5 | H104: =AVERAGE(C104:G104) -> 4 | I104: =_xlfn.STDEV.P(C104:G104) -> 0.81649658
B105: Tiempo promedio de evacuación | C105: 410 | D105: 320 | E105: 370 | H105: =AVERAGE(C105:G105) -> 366.66667 | I105: =_xlfn.STDEV.P(C105:G105) -> 36.81787
A107: Table 11 | B107: Escenario No. 9: THE IMPACTOF ADDING EMERGENCY EXITS TO THE HOSPITAL BUILDING
B108: Resultados | C108: S1 | D108: S2 | E108: S3 | F108: S4 | G108: S5 | H108: Promedio | I108: Desv. Estandar
B109: Individuos en el ambiente | C109: 100 | D109: 100 | E109: 100 | H109: =AVERAGE(C109:G109) -> 100 | I109: =_xlfn.STDEV.P(C109:G109) -> 0
B110: Número de individuos vivos | C110: =C112+C114 -> 99 | D110: =D112+D114 -> 99 | E110: =E112+E114 -> 99 | H110: =AVERAGE(C110:G110) -> 99 | I110: =_xlfn.STDEV.P(C110:G110) -> 0
...
